Deciles,Pred,Actual
5,7.573817212,7.650833893
4,7.396817725,7.3312245
3,7.227188211,7.247338098
2,7.137136031,7.124486088
1,7.015035719,7.05949758
0,6.702801934,6.73498083
