Deciles,Pred,Actual
5,7.614611339,7.632272427
4,7.392930401,7.394004818
3,7.260802209,7.278466625
2,7.138450714,7.143171748
1,7.008259258,7.004673564
0,6.692776611,6.693178079
