Deciles,Pred,Actual
9,7.57590646,7.494800165
8,7.339885696,7.369160629
7,7.22859057,7.186345746
6,7.141149595,7.082897155
5,7.066345425,6.950701712
4,7.000002923,6.972982528
3,6.917965367,6.871739463
2,6.834029842,6.791968389
1,6.730802079,6.805005514
0,6.52449471,6.62100691
