Deciles,Pred,Actual
9,7.610402284,7.623210453
8,7.370268964,7.397366952
7,7.247426098,7.244821832
6,7.15092874,7.14319697
5,7.073598819,7.049255149
4,6.99543111,7.000563666
3,6.917009308,6.910697773
2,6.82817324,6.790532938
1,6.727448412,6.709158999
0,6.512287794,6.563954025
