Deciles,Pred,Actual
5,7.581685537,7.650833893
4,7.411450143,7.3312245
3,7.20870127,7.247338098
2,7.147929334,7.124486088
1,7.022709906,7.05949758
0,6.708240276,6.73498083
