Deciles,Pred,Actual
5,7.592108137,7.632272427
4,7.417218744,7.394004818
3,7.218473924,7.278466625
2,7.138341779,7.143171748
1,7.020902838,7.004673564
0,6.702818785,6.693178079
